{
  "California Quail": {
    "MinLongitude": -85.53776344082188,
    "MinLatitude": 30.413098087141243,
    "MaxLongitude": -83.47666885293805,
    "MaxLatitude": 32.48687082061316
  },
  "Crested Caracara": {
    "MinLongitude": -85.53776344082188,
    "MinLatitude": 30.413098087141243,
    "MaxLongitude": -83.47666885293805,
    "MaxLatitude": 32.48687082061316
  },
  "Common Loon": {
    "MinLongitude": -85.53776344082188,
    "MinLatitude": 30.413098087141243,
    "MaxLongitude": -83.47666885293805,
    "MaxLatitude": 32.48687082061316
  },
  "American Marten": {
    "MinLongitude": -85.53776344082188,
    "MinLatitude": 30.413098087141243,
    "MaxLongitude": -83.47666885293805,
    "MaxLatitude": 32.48687082061316
  },
  "Brush Rabbit": {
    "MinLongitude": -85.53776344082188,
    "MinLatitude": 30.413098087141243,
    "MaxLongitude": -83.47666885293805,
    "MaxLatitude": 32.48687082061316
  },
  "Bobcat": {
    "MinLongitude": -85.53776344082188,
    "MinLatitude": 30.413098087141243,
    "MaxLongitude": -83.47666885293805,
    "MaxLatitude": 32.48687082061316
  },
  "Texas Horned Lizard": {
    "MinLongitude": -85.53776344082188,
    "MinLatitude": 30.413098087141243,
    "MaxLongitude": -83.47666885293805,
    "MaxLatitude": 32.48687082061316
  },
  "Western Diamond-backed Rattlesnake": {
    "MinLongitude": -85.53776344082188,
    "MinLatitude": 30.413098087141243,
    "MaxLongitude": -83.47666885293805,
    "MaxLatitude": 32.48687082061316
  },
  "Texas Threadsnake": {
    "MinLongitude": -85.53776344082188,
    "MinLatitude": 30.413098087141243,
    "MaxLongitude": -83.47666885293805,
    "MaxLatitude": 32.48687082061316
  },
  "Siskiyou Mountains Salamander": {
    "MinLongitude": -85.53776344082188,
    "MinLatitude": 30.413098087141243,
    "MaxLongitude": -83.47666885293805,
    "MaxLatitude": 32.48687082061316
  },
  "Texas Blind Salamander": {
    "MinLongitude": -85.53776344082188,
    "MinLatitude": 30.413098087141243,
    "MaxLongitude": -83.47666885293805,
    "MaxLatitude": 32.48687082061316
  },
  "Wood Frog": {
    "MinLongitude": -85.53776344082188,
    "MinLatitude": 30.413098087141243,
    "MaxLongitude": -83.47666885293805,
    "MaxLatitude": 32.48687082061316
  },
  "Pickerel Frog": {
    "MinLongitude": -85.53776344082188,
    "MinLatitude": 30.413098087141243,
    "MaxLongitude": -83.47666885293805,
    "MaxLatitude": 32.48687082061316
  },
  "Belted Kingfisher": {
    "MinLongitude": -85.53776344082188,
    "MinLatitude": 30.413098087141243,
    "MaxLongitude": -83.47666885293805,
    "MaxLatitude": 32.48687082061316
  },
  "Northern Flying Squirrel": {
    "MinLongitude": -85.53776344082188,
    "MinLatitude": 30.413098087141243,
    "MaxLongitude": -83.47666885293805,
    "MaxLatitude": 32.48687082061316
  },
  "Texas Banded Gecko": {
    "MinLongitude": -85.53776344082188,
    "MinLatitude": 30.413098087141243,
    "MaxLongitude": -83.47666885293805,
    "MaxLatitude": 32.48687082061316
  }
}